{
    "position": [
        0.7655626535415649,
        0.27222028374671936,
        1.2938368320465088
    ],
    "forward": [
        -0.4298916725733257,
        -0.19906346045533616,
        -0.8806627552949287
    ]
}