{
    "position": [
        -1.3034913539886475,
        -0.13568522036075592,
        0.5530641674995422
    ],
    "forward": [
        0.9103266462879603,
        0.28055110735518807,
        -0.3042966861796106
    ]
}