{
    "position": [
        -0.6847904920578003,
        -0.34086719155311584,
        1.6886523962020874
    ],
    "forward": [
        0.37050242852708587,
        0.2770593006567525,
        -0.8865472882904345
    ]
}