{
    "position": [
        1.1832976341247559,
        0.2767549455165863,
        -1.187913417816162
    ],
    "forward": [
        -0.620567119563885,
        -0.2441248863034723,
        0.7451841987076079
    ]
}