{
    "position": [
        1.0993999242782593,
        0.8836002349853516,
        -0.2893909513950348
    ],
    "forward": [
        -0.7551100640990562,
        -0.5723185450115266,
        0.31978160380517295
    ]
}