{
    "position": [
        -0.9007990956306458,
        0.7067986726760864,
        1.1277068853378296
    ],
    "forward": [
        0.5698681346257934,
        -0.4793326067053472,
        -0.6674507931579492
    ]
}