{
    "position": [
        0.9863432049751282,
        -0.29796478152275085,
        -0.9339128732681274
    ],
    "forward": [
        -0.7869647404730695,
        0.08719737007973839,
        0.6108053011421327
    ]
}