{
    "position": [
        1.485477328300476,
        0.9981983304023743,
        -0.863142192363739
    ],
    "forward": [
        -0.6322303751820941,
        -0.6306188463365413,
        0.45011623314681526
    ]
}