{
    "position": [
        1.208566665649414,
        0.26435622572898865,
        -1.6333683729171753
    ],
    "forward": [
        -0.5660863146660299,
        -0.2527058212559936,
        0.7846566460886994
    ]
}