{
    "position": [
        -1.3969495296478271,
        -0.24052497744560242,
        0.2608320415019989
    ],
    "forward": [
        0.9632935542576457,
        0.021972880752671467,
        -0.26754947362516157
    ]
}