{
    "position": [
        0.6685725450515747,
        0.21037429571151733,
        1.1910432577133179
    ],
    "forward": [
        -0.3298419646393627,
        -0.06686406537267583,
        -0.9416652670268156
    ]
}