{
    "position": [
        -1.8561604022979736,
        0.6847218871116638,
        1.3982398509979248
    ],
    "forward": [
        0.6634928120182284,
        -0.25732207162691123,
        -0.7025401339808128
    ]
}