{
    "position": [
        0.3543250560760498,
        -0.03867890685796738,
        1.3998582363128662
    ],
    "forward": [
        -0.10771387305368178,
        -0.07219680907439191,
        -0.9915570292783219
    ]
}