{
    "position": [
        1.8880583047866821,
        0.20084139704704285,
        -1.2144874334335327
    ],
    "forward": [
        -0.832221084821053,
        0.03018008945768969,
        0.553621918080919
    ]
}