{
    "position": [
        1.255373477935791,
        0.08339960128068924,
        1.5004057884216309
    ],
    "forward": [
        -0.5972362199125755,
        0.02454914775873343,
        -0.8016896138586662
    ]
}