{
    "position": [
        0.9426823854446411,
        1.0612587928771973,
        -0.274372398853302
    ],
    "forward": [
        -0.6701876226998975,
        -0.7420195377590293,
        0.01598611784443566
    ]
}