{
    "position": [
        -1.7761768102645874,
        0.11598270386457443,
        1.5751020908355713
    ],
    "forward": [
        0.7305591026507959,
        -0.10435878384293439,
        -0.6748278608422207
    ]
}