{
    "position": [
        -1.4021461009979248,
        0.532577633857727,
        -0.2217855006456375
    ],
    "forward": [
        0.9611145130436138,
        -0.27580486575074087,
        -0.01380466751330172
    ]
}