{
    "position": [
        -1.634971022605896,
        1.1065350770950317,
        1.3396427631378174
    ],
    "forward": [
        0.7385782683802711,
        -0.46483685902120153,
        -0.4882917529220659
    ]
}