{
    "position": [
        0.6840225458145142,
        0.8286964297294617,
        -1.4938570261001587
    ],
    "forward": [
        -0.2267637858868399,
        -0.5619785168454936,
        0.7954610813951911
    ]
}