{
    "position": [
        -1.0269678831100464,
        -0.1933567225933075,
        -0.7368112802505493
    ],
    "forward": [
        0.8990359796177784,
        0.18853560559721896,
        0.3952070758156936
    ]
}