{
    "position": [
        -1.7657215595245361,
        -0.2991393506526947,
        -0.9809713363647461
    ],
    "forward": [
        0.917096387003935,
        0.1351955918672341,
        0.3750418228464618
    ]
}