{
    "position": [
        1.9841378927230835,
        0.31797507405281067,
        -0.7583382725715637
    ],
    "forward": [
        -0.9353626805941153,
        -0.12218429149867724,
        0.33191513171706594
    ]
}