{
    "position": [
        -0.652838945388794,
        0.4605557322502136,
        -0.5670121908187866
    ],
    "forward": [
        0.6571394691222869,
        -0.299838057990349,
        0.6915669577866302
    ]
}