{
    "position": [
        -1.2489169836044312,
        0.08911167085170746,
        0.9156023263931274
    ],
    "forward": [
        0.8696076679453126,
        -0.05790127074858189,
        -0.49033656471490505
    ]
}