{
    "position": [
        0.8791440725326538,
        1.1327370405197144,
        1.6563270092010498
    ],
    "forward": [
        -0.41558487344621464,
        -0.435161806198432,
        -0.7987010801224775
    ]
}