{
    "position": [
        1.973436951637268,
        -0.3998497426509857,
        1.4659874439239502
    ],
    "forward": [
        -0.7925078386016643,
        0.07422559348488963,
        -0.605327916939847
    ]
}