{
    "position": [
        1.458694577217102,
        1.079811692237854,
        -1.7291487455368042
    ],
    "forward": [
        -0.6224647776639531,
        -0.4338504699449973,
        0.6513918715307018
    ]
}