{
    "position": [
        0.8381261825561523,
        0.7121500372886658,
        -0.2062915563583374
    ],
    "forward": [
        -0.8044993691881159,
        -0.5695199413245111,
        0.1686054607942719
    ]
}