{
    "position": [
        0.5668577551841736,
        0.042247872799634933,
        1.694990634918213
    ],
    "forward": [
        -0.24470073247092763,
        -0.17905701833388799,
        -0.9529218938158412
    ]
}