{
    "position": [
        1.1773736476898193,
        -0.3357038199901581,
        -0.3131553530693054
    ],
    "forward": [
        -0.87988408179424,
        0.4661167450820867,
        0.09240769751047813
    ]
}