{
    "position": [
        -1.7099144458770752,
        0.7686391472816467,
        0.06085032969713211
    ],
    "forward": [
        0.950251819799045,
        -0.27568717266099646,
        -0.14497607319412828
    ]
}