{
    "position": [
        -1.4700417518615723,
        -0.07077442854642868,
        0.05945977568626404
    ],
    "forward": [
        0.989926733585763,
        -0.030717399289123246,
        -0.13820818902342413
    ]
}