{
    "position": [
        1.505812168121338,
        0.27675163745880127,
        -1.4088126420974731
    ],
    "forward": [
        -0.7541698819826368,
        -0.22037148923669822,
        0.6185985740703704
    ]
}