{
    "position": [
        1.300485610961914,
        0.6500508189201355,
        -0.01339047309011221
    ],
    "forward": [
        -0.745980176282399,
        -0.6328183572653626,
        0.20749579104562363
    ]
}