{
    "position": [
        -0.4347192049026489,
        1.0781110525131226,
        -0.7100462913513184
    ],
    "forward": [
        0.16335894581663898,
        -0.7128376143878257,
        0.682038408255393
    ]
}