{
    "position": [
        0.25772613286972046,
        0.49805623292922974,
        -1.029671311378479
    ],
    "forward": [
        -0.34527097187359873,
        -0.41226043038119886,
        0.843106928878757
    ]
}