{
    "position": [
        -0.22874248027801514,
        1.001604676246643,
        0.4104583263397217
    ],
    "forward": [
        0.25993722851038037,
        -0.9521849306466444,
        -0.16055059976153055
    ]
}