{
    "position": [
        -1.0707813501358032,
        1.0671765804290771,
        -0.5875985622406006
    ],
    "forward": [
        0.6737845397907171,
        -0.6125806520134552,
        0.41323037003320756
    ]
}