{
    "position": [
        1.0836057662963867,
        -0.0017849798314273357,
        -0.6603520512580872
    ],
    "forward": [
        -0.8975130149011866,
        -0.09870534467049509,
        0.429799538176184
    ]
}