{
    "position": [
        1.4731608629226685,
        0.6494782567024231,
        -0.6249678134918213
    ],
    "forward": [
        -0.8538551907593863,
        -0.4311296454343241,
        0.29164797623320887
    ]
}