{
    "position": [
        0.45126670598983765,
        0.10071854293346405,
        1.2500848770141602
    ],
    "forward": [
        -0.14765625190853518,
        -0.18856926387943124,
        -0.9708961139031779
    ]
}