{
    "position": [
        -1.329272985458374,
        0.3720613420009613,
        -1.3209971189498901
    ],
    "forward": [
        0.6531530502885083,
        -0.04614665298061233,
        0.7558184830483471
    ]
}