{
    "position": [
        -0.0317058190703392,
        -0.19120152294635773,
        0.5389165282249451
    ],
    "forward": [
        0.29817310531339586,
        0.4283463519628159,
        -0.8530018769193383
    ]
}