{
    "position": [
        0.1419583112001419,
        -0.10261864215135574,
        -0.8652531504631042
    ],
    "forward": [
        -0.36446279229408074,
        -0.09346907059317118,
        0.9265151946275089
    ]
}