{
    "position": [
        -1.2750192880630493,
        0.09435219317674637,
        -1.6994467973709106
    ],
    "forward": [
        0.6704503415203211,
        0.028462213926856446,
        0.7414082828871462
    ]
}