{
    "position": [
        1.8250118494033813,
        -0.199951171875,
        -0.6751007437705994
    ],
    "forward": [
        -0.9588061430796692,
        -0.010786686753771839,
        0.28385634990530895
    ]
}