{
    "position": [
        -1.0939480066299438,
        0.0013207222800701857,
        0.3386273682117462
    ],
    "forward": [
        0.9646842711943087,
        0.04593965885739555,
        -0.25937194268920366
    ]
}