{
    "position": [
        1.7714635133743286,
        1.1912789344787598,
        -1.9229930639266968
    ],
    "forward": [
        -0.6665885106552394,
        -0.3555364161706921,
        0.65517449144402
    ]
}