{
    "position": [
        -0.8025619983673096,
        0.1057957336306572,
        -1.6344013214111328
    ],
    "forward": [
        0.3383185274238206,
        0.033534470856454786,
        0.9404339494436359
    ]
}