{
    "position": [
        -0.7769026756286621,
        1.1416054964065552,
        0.12367281317710876
    ],
    "forward": [
        0.5944998087959804,
        -0.8038491482286285,
        -0.019912916251806065
    ]
}