{
    "position": [
        -1.9050016403198242,
        1.0618246793746948,
        -0.3682801425457001
    ],
    "forward": [
        0.8567460836496869,
        -0.421718407303783,
        0.29688336614247046
    ]
}