{
    "position": [
        1.9886677265167236,
        0.27967190742492676,
        -0.9805017113685608
    ],
    "forward": [
        -0.8605751089740099,
        -0.08948255177119832,
        0.501401390846581
    ]
}