{
    "position": [
        1.342920184135437,
        0.05607352778315544,
        -0.15724080801010132
    ],
    "forward": [
        -0.9741003529585609,
        -0.009504881600509782,
        0.22591626677104845
    ]
}