{
    "position": [
        -0.26079505681991577,
        0.7962554693222046,
        1.5978940725326538
    ],
    "forward": [
        0.1887656655992458,
        -0.32676259396719015,
        -0.9260635672969253
    ]
}