{
    "position": [
        0.9454109072685242,
        0.31020763516426086,
        1.1819454431533813
    ],
    "forward": [
        -0.6280058789605594,
        -0.22088893854774586,
        -0.7462015095255607
    ]
}