{
    "position": [
        -0.11722628772258759,
        0.8213508129119873,
        0.6438766717910767
    ],
    "forward": [
        0.2270829528285851,
        -0.5343163292846032,
        -0.8142109019133055
    ]
}