{
    "position": [
        1.6427066326141357,
        -0.1717541664838791,
        0.012556505389511585
    ],
    "forward": [
        -0.9465710980281602,
        0.2969230291457829,
        -0.12585654985202713
    ]
}