{
    "position": [
        0.3718353509902954,
        0.19880248606204987,
        1.4819411039352417
    ],
    "forward": [
        -0.25783498154356216,
        -0.27152076705049616,
        -0.9272527138556895
    ]
}