{
    "position": [
        1.0296483039855957,
        0.17938275635242462,
        -1.277030348777771
    ],
    "forward": [
        -0.5979281929952404,
        -0.03843616084159776,
        0.8006275898076493
    ]
}