{
    "position": [
        -1.7691092491149902,
        0.04069212079048157,
        -1.5038248300552368
    ],
    "forward": [
        0.7160084152671542,
        -0.02199848248742189,
        0.6977449505620726
    ]
}