{
    "position": [
        -0.9366828799247742,
        1.0046439170837402,
        0.45504066348075867
    ],
    "forward": [
        0.6687916091610133,
        -0.5167760702676667,
        -0.5344719606438957
    ]
}