{
    "position": [
        0.9353898167610168,
        0.1353781521320343,
        -1.591326117515564
    ],
    "forward": [
        -0.5219208707941061,
        0.039389039573006136,
        0.8520839795413585
    ]
}