{
    "position": [
        1.1841421127319336,
        -0.0782671645283699,
        -1.2445341348648071
    ],
    "forward": [
        -0.7486204592460612,
        -0.023973184666423505,
        0.6625652378559911
    ]
}