{
    "position": [
        -1.6395835876464844,
        0.8412173390388489,
        1.4467918872833252
    ],
    "forward": [
        0.6390781191665544,
        -0.4595402983708952,
        -0.6167672752146697
    ]
}