{
    "position": [
        -1.2293047904968262,
        0.8429661393165588,
        0.9691902995109558
    ],
    "forward": [
        0.7713199852816429,
        -0.40357166187356686,
        -0.49213351241074155
    ]
}