{
    "position": [
        -0.3673458993434906,
        0.6558037996292114,
        -1.3356267213821411
    ],
    "forward": [
        0.3871846002084314,
        -0.398788038740155,
        0.8312978921657493
    ]
}