{
    "position": [
        -0.11305544525384903,
        0.8543546199798584,
        1.856668472290039
    ],
    "forward": [
        0.025038506961081817,
        -0.42092928321179246,
        -0.9067478214498045
    ]
}