{
    "position": [
        1.9528840780258179,
        0.47245466709136963,
        -1.6752716302871704
    ],
    "forward": [
        -0.7927881968297085,
        -0.24624403580622273,
        0.5575399087037296
    ]
}