{
    "position": [
        1.0686153173446655,
        0.27277863025665283,
        -0.9874234199523926
    ],
    "forward": [
        -0.7243585964629787,
        -0.28858536336611634,
        0.6261174903969943
    ]
}