{
    "position": [
        -0.3647979497909546,
        -0.14103804528713226,
        0.8367173075675964
    ],
    "forward": [
        0.45837109864757153,
        0.260976464975198,
        -0.8495806145703111
    ]
}