{
    "position": [
        -0.056103482842445374,
        0.1121087595820427,
        -0.04698151722550392
    ],
    "forward": [
        0.4313554305686452,
        0.007022573920513216,
        0.9021547405930258
    ]
}