{
    "position": [
        0.8421875834465027,
        0.1968896985054016,
        -0.3778718411922455
    ],
    "forward": [
        -0.9708928278997397,
        -0.18128416103633,
        0.15653488330145493
    ]
}