{
    "position": [
        -0.3527887761592865,
        0.8202072381973267,
        0.9447660446166992
    ],
    "forward": [
        0.4541017016725467,
        -0.6392743752764526,
        -0.6205803071746626
    ]
}