{
    "position": [
        -0.38602134585380554,
        0.9864378571510315,
        0.41493189334869385
    ],
    "forward": [
        0.3666783960313868,
        -0.808266025454807,
        -0.4607092206363345
    ]
}