{
    "position": [
        -1.0384206771850586,
        -0.08842502534389496,
        -1.8200491666793823
    ],
    "forward": [
        0.4355802528643672,
        0.11683414621050214,
        0.8925355038282101
    ]
}