{
    "position": [
        -0.5710179805755615,
        0.49656426906585693,
        1.874611496925354
    ],
    "forward": [
        0.1863764812324278,
        -0.2505090027815007,
        -0.9500047614453502
    ]
}