{
    "position": [
        -0.8567010760307312,
        0.9554514288902283,
        0.24116162955760956
    ],
    "forward": [
        0.7076055226289164,
        -0.6035181994847506,
        -0.3675053839547698
    ]
}