{
    "position": [
        1.2937678098678589,
        -0.314462810754776,
        1.7667065858840942
    ],
    "forward": [
        -0.48062539591684744,
        0.15138361288564095,
        -0.8637605168965898
    ]
}