{
    "position": [
        0.7518648505210876,
        0.23852136731147766,
        1.3409295082092285
    ],
    "forward": [
        -0.5594597224708193,
        -0.23039913921207955,
        -0.796191594770509
    ]
}