{
    "position": [
        0.8638636469841003,
        0.8451341390609741,
        -1.3817757368087769
    ],
    "forward": [
        -0.449430707166911,
        -0.4157891976929004,
        0.79065250428829
    ]
}