{
    "position": [
        1.789861798286438,
        0.21583925187587738,
        -0.6078565120697021
    ],
    "forward": [
        -0.9453543278561226,
        -0.1619365211775809,
        0.2829872045033162
    ]
}