{
    "position": [
        -0.8262662291526794,
        0.04022102802991867,
        1.9104257822036743
    ],
    "forward": [
        0.44190925833167555,
        -0.17588901586016215,
        -0.8796472369651894
    ]
}