{
    "position": [
        0.8402445316314697,
        1.0650490522384644,
        -0.4695402979850769
    ],
    "forward": [
        -0.5555087858312237,
        -0.7558413381544595,
        0.3465744658817145
    ]
}