{
    "position": [
        -0.4069501757621765,
        0.528819739818573,
        -1.2109484672546387
    ],
    "forward": [
        0.41008379215168966,
        -0.19749236685752566,
        0.8904089220394764
    ]
}