{
    "position": [
        1.6392589807510376,
        -0.34613052010536194,
        1.5652037858963013
    ],
    "forward": [
        -0.6583750077544049,
        0.16942560220880332,
        -0.7333739254163401
    ]
}