{
    "position": [
        1.0895509719848633,
        1.1242737770080566,
        -1.4429831504821777
    ],
    "forward": [
        -0.5974642928443122,
        -0.4773712612630799,
        0.6443237522365154
    ]
}