{
    "position": [
        0.18023686110973358,
        0.7036591172218323,
        1.7326886653900146
    ],
    "forward": [
        -0.04719869099031156,
        -0.4114667622395392,
        -0.9102018386824493
    ]
}