{
    "position": [
        1.1706830263137817,
        1.1279560327529907,
        -0.8339338898658752
    ],
    "forward": [
        -0.7267633183401204,
        -0.4958760329632266,
        0.47531256984000525
    ]
}