{
    "position": [
        0.23740807175636292,
        0.06611835211515427,
        1.1196246147155762
    ],
    "forward": [
        -0.3341968715537519,
        -0.21977367129149772,
        -0.9165216770217396
    ]
}