{
    "position": [
        -0.4897278845310211,
        0.620254635810852,
        -0.19426144659519196
    ],
    "forward": [
        0.6819246380912783,
        -0.7157976199909183,
        0.1503747158913888
    ]
}