{
    "position": [
        -0.01809835247695446,
        -0.13392199575901031,
        -1.0081850290298462
    ],
    "forward": [
        0.003567566957788903,
        -0.08544520870853618,
        0.9963364837115803
    ]
}