{
    "position": [
        -1.62588369846344,
        -0.011013309471309185,
        -1.6177719831466675
    ],
    "forward": [
        0.7363953262011046,
        -0.13038735993240155,
        0.6638682549414658
    ]
}