{
    "position": [
        -0.054353777319192886,
        0.08414614945650101,
        -1.361734390258789
    ],
    "forward": [
        0.16945621699417107,
        -0.0854259010357759,
        0.981828399443737
    ]
}