{
    "position": [
        -0.6102108359336853,
        -0.1418110877275467,
        -1.2115905284881592
    ],
    "forward": [
        0.5669484409922361,
        0.00956383982444851,
        0.8236977590258974
    ]
}