{
    "position": [
        1.7153657674789429,
        0.205510675907135,
        0.16173699498176575
    ],
    "forward": [
        -0.9670291400177319,
        -0.19946344653503356,
        -0.1583318535637468
    ]
}