{
    "position": [
        1.2139673233032227,
        -0.12259402126073837,
        -1.5904595851898193
    ],
    "forward": [
        -0.6210929241815144,
        -0.07146250013478592,
        0.7804720947004714
    ]
}