{
    "position": [
        0.7452003359794617,
        1.101859450340271,
        0.5113159418106079
    ],
    "forward": [
        -0.43242408165626856,
        -0.7588488641433878,
        -0.4869885162835189
    ]
}