{
    "position": [
        -1.932977318763733,
        0.0510990135371685,
        -1.4085090160369873
    ],
    "forward": [
        0.8561408715160319,
        -0.06054317502605659,
        0.5131835267012512
    ]
}