{
    "position": [
        -1.8476603031158447,
        1.1822301149368286,
        0.2537705898284912
    ],
    "forward": [
        0.8501702868765818,
        -0.5209123787533022,
        -0.0765557115685492
    ]
}