{
    "position": [
        -0.2269408106803894,
        0.6666964292526245,
        1.6087177991867065
    ],
    "forward": [
        0.024957383645930923,
        -0.45469183458137485,
        -0.8902990871423903
    ]
}