{
    "position": [
        1.680802345275879,
        0.7419662475585938,
        -0.4336901307106018
    ],
    "forward": [
        -0.8427763638454269,
        -0.46634916701861595,
        0.2687870066884257
    ]
}