{
    "position": [
        1.9855828285217285,
        -0.21754689514636993,
        -0.5732144117355347
    ],
    "forward": [
        -0.9254965013001818,
        0.18635008504909947,
        0.32974212937281155
    ]
}