{
    "position": [
        0.5296099781990051,
        -0.33360034227371216,
        0.5862991213798523
    ],
    "forward": [
        -0.3432857176565924,
        0.4474803552304952,
        -0.8257822035717337
    ]
}