{
    "position": [
        1.7893260717391968,
        -0.35817569494247437,
        0.27046018838882446
    ],
    "forward": [
        -0.9836155764972765,
        0.12144565989072886,
        -0.13323418992749467
    ]
}