{
    "radius": 0.9999988870676677,
    "centorWS": [
        0.0,
        0.0,
        0.0
    ],
    "level": 1,
    "texDim": [
        512,
        512
    ],
    "invTexDim": [
        0.001953125,
        0.001953125
    ],
    "baseCameraResolution": 2048
}