{
    "position": [
        -0.8388230204582214,
        1.0240203142166138,
        1.3271416425704956
    ],
    "forward": [
        0.30990472927003726,
        -0.5158887428561422,
        -0.7986350003414414
    ]
}