{
    "position": [
        -1.322398066520691,
        0.6441476941108704,
        -0.07280141115188599
    ],
    "forward": [
        0.8615356337733087,
        -0.5043822339704207,
        -0.05792161767277487
    ]
}