{
    "position": [
        -0.6605501770973206,
        -0.040401410311460495,
        -0.6854950785636902
    ],
    "forward": [
        0.4835042110470183,
        0.056458424107809865,
        0.8735193897373219
    ]
}