{
    "position": [
        1.4082510471343994,
        0.5781354904174805,
        -1.9465053081512451
    ],
    "forward": [
        -0.6418504258766484,
        -0.2850377760315543,
        0.7118858736040142
    ]
}