{
    "position": [
        -1.0784486532211304,
        0.8016350865364075,
        -0.8712884187698364
    ],
    "forward": [
        0.7131722426492936,
        -0.2962124781042708,
        0.6353294579428093
    ]
}