{
    "position": [
        0.06703177839517593,
        0.9346923232078552,
        -1.681604027748108
    ],
    "forward": [
        -0.021130109881428952,
        -0.3505870139020221,
        0.9362917622940309
    ]
}