{
    "position": [
        -1.7409266233444214,
        0.1149975061416626,
        -1.271449327468872
    ],
    "forward": [
        0.8834238951103033,
        -0.11369279059568418,
        0.45457251447344
    ]
}