{
    "position": [
        -1.1303353309631348,
        0.3624880313873291,
        1.3054341077804565
    ],
    "forward": [
        0.5775887348925024,
        -0.26087200024594565,
        -0.773522496643089
    ]
}