{
    "position": [
        -1.8869647979736328,
        0.043360430747270584,
        1.168025255203247
    ],
    "forward": [
        0.9014373527909233,
        -0.06593007885131032,
        -0.4278597009487485
    ]
}