{
    "position": [
        1.115596055984497,
        0.8043919801712036,
        0.21042832732200623
    ],
    "forward": [
        -0.7252793317883204,
        -0.6539146547034378,
        -0.21532653167868349
    ]
}