{
    "position": [
        1.362673282623291,
        -0.21438005566596985,
        -0.5127901434898376
    ],
    "forward": [
        -0.8751668663112259,
        0.19621668763504818,
        0.442246500952262
    ]
}