{
    "position": [
        1.0158661603927612,
        0.8187326192855835,
        -0.9450390934944153
    ],
    "forward": [
        -0.6453845727251554,
        -0.5268700201714714,
        0.5530702804643203
    ]
}