{
    "position": [
        -0.2400694042444229,
        -0.20622244477272034,
        0.3806599974632263
    ],
    "forward": [
        0.49832944101458404,
        0.5396211693562313,
        -0.678584380752096
    ]
}