{
    "position": [
        1.7667784690856934,
        0.21062150597572327,
        -0.0708845928311348
    ],
    "forward": [
        -0.9942146902924747,
        -0.10245940968443745,
        -0.03223691942098909
    ]
}