{
    "position": [
        -0.727443277835846,
        0.43156030774116516,
        1.0945076942443848
    ],
    "forward": [
        0.49724832557068976,
        -0.256383167594538,
        -0.8288617340011158
    ]
}