{
    "position": [
        -1.0590672492980957,
        0.36346134543418884,
        0.8640298843383789
    ],
    "forward": [
        0.8468535449386427,
        -0.10634311364224248,
        -0.5210856125491542
    ]
}