{
    "position": [
        -1.742008924484253,
        -0.11561532318592072,
        -0.5943924784660339
    ],
    "forward": [
        0.9699570925078415,
        0.07699092315061296,
        0.2307718276699976
    ]
}