{
    "position": [
        -1.2781386375427246,
        0.5011214017868042,
        0.2881847321987152
    ],
    "forward": [
        0.892600640650278,
        -0.44883878239557046,
        -0.042518745611495996
    ]
}