{
    "position": [
        -0.13004469871520996,
        0.3772943913936615,
        0.42220455408096313
    ],
    "forward": [
        0.2696622135296308,
        -0.12343306152068315,
        -0.9550112930839776
    ]
}