{
    "position": [
        -1.9205416440963745,
        0.6763836145401001,
        0.3978508710861206
    ],
    "forward": [
        0.9273684682095753,
        -0.35573216973764776,
        -0.1159411384469354
    ]
}