{
    "position": [
        -0.6627838015556335,
        -0.22871394455432892,
        -0.32600924372673035
    ],
    "forward": [
        0.7867523888236521,
        0.6125617548163909,
        0.07608400105502267
    ]
}