{
    "position": [
        -0.2701409161090851,
        -0.14180836081504822,
        -1.7165939807891846
    ],
    "forward": [
        0.05696727083708956,
        -0.05361913139075533,
        0.996935162787568
    ]
}