{
    "position": [
        0.9788578152656555,
        -0.1280369609594345,
        1.5531373023986816
    ],
    "forward": [
        -0.4706148736656013,
        0.054016501173064446,
        -0.8806837447607004
    ]
}