{
    "position": [
        -1.9570817947387695,
        0.349886953830719,
        0.7574070692062378
    ],
    "forward": [
        0.8781707887279717,
        -0.046576683790259435,
        -0.47607423617750455
    ]
}