{
    "position": [
        0.12087564170360565,
        -0.33534687757492065,
        1.8572615385055542
    ],
    "forward": [
        -0.07013450125834106,
        0.3309663180012295,
        -0.9410326498490649
    ]
}