{
    "position": [
        -0.6356508135795593,
        -0.10395895689725876,
        1.9890602827072144
    ],
    "forward": [
        0.43499323757887964,
        -0.07209883011343587,
        -0.8975425571842922
    ]
}