{
    "position": [
        1.0266832113265991,
        -0.22254683077335358,
        -0.30163976550102234
    ],
    "forward": [
        -0.8135429285567644,
        0.39926430287314574,
        0.42277171126567153
    ]
}