{
    "position": [
        -1.3821364641189575,
        -0.06046435981988907,
        -0.8312764167785645
    ],
    "forward": [
        0.8483453198141458,
        0.0933918030170271,
        0.5211412375533753
    ]
}