{
    "position": [
        -1.8085920810699463,
        -0.22955554723739624,
        1.2482445240020752
    ],
    "forward": [
        0.8166558215083938,
        0.030618378774918506,
        -0.5763122279438866
    ]
}