{
    "position": [
        -0.7504110932350159,
        1.1275973320007324,
        1.624341368675232
    ],
    "forward": [
        0.3340313224888761,
        -0.495163781860081,
        -0.8020198904829945
    ]
}