{
    "position": [
        1.9915798902511597,
        0.15048128366470337,
        -1.336657166481018
    ],
    "forward": [
        -0.7391442671804278,
        -0.05922052710536149,
        0.6709386570049988
    ]
}