{
    "position": [
        -1.2808141708374023,
        -0.21200652420520782,
        -0.15217559039592743
    ],
    "forward": [
        0.921858984633967,
        0.3642813194014548,
        0.13219354290118313
    ]
}