{
    "position": [
        -1.9795725345611572,
        0.7261472344398499,
        -0.8170278668403625
    ],
    "forward": [
        0.8596628287137849,
        -0.24255029109577234,
        0.44961002793217364
    ]
}