{
    "position": [
        0.5177645683288574,
        0.5434365272521973,
        -1.6112194061279297
    ],
    "forward": [
        -0.3528537521399122,
        -0.3236951752336036,
        0.877904130945556
    ]
}