{
    "position": [
        -0.9595195651054382,
        0.9061320424079895,
        0.3682742714881897
    ],
    "forward": [
        0.763896114612543,
        -0.5685149990996367,
        -0.3053742325059539
    ]
}