{
    "position": [
        0.013478383421897888,
        0.978563129901886,
        1.9217761754989624
    ],
    "forward": [
        0.04701929003662787,
        -0.5640241786089076,
        -0.8244185298190467
    ]
}