{
    "position": [
        1.5045653581619263,
        1.033132553100586,
        -1.2303497791290283
    ],
    "forward": [
        -0.684512392274218,
        -0.41644949929380315,
        0.5983415407281761
    ]
}