{
    "position": [
        -0.7489613890647888,
        0.1627204865217209,
        1.9460346698760986
    ],
    "forward": [
        0.22905245847015,
        -0.013349732692953387,
        -0.9733225343665928
    ]
}