{
    "position": [
        -0.19732072949409485,
        0.5046128034591675,
        1.415113925933838
    ],
    "forward": [
        0.1419913551053185,
        -0.4137400471528411,
        -0.899253928797267
    ]
}