{
    "position": [
        0.9807577133178711,
        0.48095622658729553,
        -0.9598350524902344
    ],
    "forward": [
        -0.7381024231259161,
        -0.2386900764778379,
        0.6310561467624374
    ]
}