{
    "position": [
        -0.32819709181785583,
        0.9386102557182312,
        -1.5548025369644165
    ],
    "forward": [
        0.32715103602128087,
        -0.35702549912344456,
        0.8749314216587822
    ]
}