{
    "position": [
        0.3563997149467468,
        -0.10426755249500275,
        -1.9319452047348022
    ],
    "forward": [
        -0.06237253860334025,
        -0.05186755955066424,
        0.9967042804635853
    ]
}