{
    "position": [
        1.567773699760437,
        1.0094048976898193,
        1.4147064685821533
    ],
    "forward": [
        -0.6526879021931529,
        -0.35387042000056995,
        -0.6699061338570663
    ]
}