{
    "position": [
        1.1189461946487427,
        1.1712350845336914,
        0.6600881814956665
    ],
    "forward": [
        -0.7570216693767843,
        -0.6116053842263742,
        -0.22990660294844953
    ]
}