{
    "position": [
        -1.798864722251892,
        0.14357250928878784,
        0.5114253759384155
    ],
    "forward": [
        0.9264235040333615,
        -0.23221953204394402,
        -0.2963335622433612
    ]
}