{
    "position": [
        -0.5900393724441528,
        -0.2877758741378784,
        0.6544171571731567
    ],
    "forward": [
        0.7422797632052939,
        0.48854280348665174,
        -0.45863567490688695
    ]
}