{
    "position": [
        0.6346607804298401,
        0.436153382062912,
        0.7700284123420715
    ],
    "forward": [
        -0.7827186905605024,
        -0.11668649974407991,
        -0.6113392775085918
    ]
}