{
    "position": [
        1.7604843378067017,
        0.3512254059314728,
        1.514822006225586
    ],
    "forward": [
        -0.6733290464712007,
        -0.25229467392002686,
        -0.6949643103712383
    ]
}