{
    "position": [
        0.33308371901512146,
        -0.3099057674407959,
        0.6710382103919983
    ],
    "forward": [
        -0.2519592170738766,
        0.3016685283499912,
        -0.9195176191540158
    ]
}